{
    "Negative": {
        "precision": 0.9383987831858407,
        "recall": 0.8618872237744476,
        "f1-score": 0.8985171455050973,
        "support": 15748
    },
    "Neutral": {
        "precision": 0.9213635378278777,
        "recall": 0.937468982630273,
        "f1-score": 0.9293464891901495,
        "support": 36270
    },
    "Positive": {
        "precision": 0.9062684607810961,
        "recall": 0.9466575248543023,
        "f1-score": 0.9260228034875921,
        "support": 14585
    },
    "accuracy": 0.9216101376814858,
    "macro avg": {
        "precision": 0.9220102605982715,
        "recall": 0.9153379104196743,
        "f1-score": 0.9179621460609463,
        "support": 66603
    },
    "weighted avg": {
        "precision": 0.9220858678305787,
        "recall": 0.9216101376814858,
        "f1-score": 0.9213291857605143,
        "support": 66603
    }
}